HMM Name (629),Description,Resistance Mechanism
154989_fosA-NCBIFAM ,FosA/FosA2 family fosfomycin resistance glutathione transferase,product inactivation
156720500_bleO-NCBIFAM,bleomycin binding protein,product inactivation
1567214_ble-NCBIFAM,BLMA family bleomycin binding protein,product inactivation
16S_A1408_NpmB-NCBIFAM,16S rRNA (adenine(1408)-N(1))-methyltransferase NpmB,target alteration
16S_rRNA_NpmA-NCBIFAM,16S rRNA (adenine(1408)-N(1))-methyltransferase NpmA,target alteration
16S_rRNA_Rmt_B-NCBIFAM,RmtB family 16S rRNA (guanine(1405)-N(7))-methyltransferase,target alteration
16S_rRNA_Rmt_C-NCBIFAM,RmtC family 16S rRNA (guanine(1405)-N(7))-methyltransferase,target alteration
16S_rRNA_Rmt_D-NCBIFAM,RmtD family 16S rRNA (guanine(1405)-N(7))-methyltransferase,target alteration
16S_rRNA_Rmt_E-NCBIFAM,RmtE family 16S rRNA (guanine(1405)-N(7))-methyltransferase,target alteration
16S_rRNA_Rmt_F-NCBIFAM,RmtF family 16S rRNA (guanine(1405)-N(7))-methyltransferase,target alteration
16S_rRNA_Rmt_G-NCBIFAM,RmtG family 16S rRNA (guanine(1405)-N(7))-methyltransferase,target alteration
16S_rRNA_Rmt_gen-NCBIFAM,Rmt family 16S rRNA (guanine(1405)-N(7))-methyltransferase,target alteration
16S_rRNA_Rmt_H-NCBIFAM,RmtH family 16S rRNA (guanine(1405)-N(7))-methyltransferase,target alteration
299782349_fosC-NCBIFAM,FosC2 family fosfomycin resistance glutathione transferase,product inactivation
299782351_fosA-NCBIFAM,FosA3/FosA4 family fosfomycin resistance glutathione transferase,product inactivation
354827590_fosA-NCBIFAM,FosA family fosfomycin resistance glutathione transferase,product inactivation
47473_otr-NCBIFAM,tetracycline resistance ribosomal protection protein Otr(A),target protection
485965_fosC-NCBIFAM,fosfomycin resistance kinase FosC,product inactivation
498180014_fosA-NCBIFAM,Fos family putative thiol transferase,product inactivation
AAC_2p_Ia-NCBIFAM,aminoglycoside N-acetyltransferase AAC(2')-Ia,product inactivation
AAC_2p_Ib-NCBIFAM,aminoglycoside N-acetyltransferase AAC(2')-Ib,product inactivation
AAC_2p_Ic-NCBIFAM,aminoglycoside N-acetyltransferase AAC(2')-Ic,product inactivation
AAC_2p_Id-NCBIFAM,aminoglycoside N-acetyltransferase AAC(2')-Id,product inactivation
AAC_2p_Ie-NCBIFAM,aminoglycoside N-acetyltransferase AAC(2')-Ie,product inactivation
AAC_2p_IIa-NCBIFAM,kasugamycin N-acetyltransferase AAC(2')-IIa,product inactivation
AAC_2p_IIb-NCBIFAM,kasugamycin N-acetyltransferase AAC(2')-IIb,product inactivation
AAC_3_I-NCBIFAM,AAC(3)-I family aminoglycoside 3-N-acetyltransferase,product inactivation
AAC_3_II-NCBIFAM,AAC(3)-II family aminoglycoside N-acetyltransferase,product inactivation
AAC_3_IV-NCBIFAM,AAC(3)-IV family aminoglycoside N-acetyltransferase,product inactivation
AAC_3_VIa-NCBIFAM,aminoglycoside N-acetyltransferase AAC(3)-VIa,product inactivation
AAC_3_VIII-NCBIFAM,aminoglycoside N-acetyltransferase AAC(3)-VIII,product inactivation
AAC_3_XI-NCBIFAM,aminoglycoside N-acetyltransferase AAC(3)-XI,product inactivation
AAC_3-NCBIFAM,aminoglycoside 3-N-acetyltransferase,product inactivation
AAC_6p_A10-NCBIFAM,AAC(6')-I family aminoglycoside 6'-N-acetyltransferase,product inactivation
AAC_6p_A29-NCBIFAM,aminoglycoside 6'-N-acetyltransferase AAC(6')-29,product inactivation
AAC_6p_A30-NCBIFAM,aminoglycoside 6'-N-acetyltransferase AAC(6')-30,product inactivation
AAC_6p_A31-NCBIFAM,aminoglycoside N-acetyltransferase AAC(6')-31,product inactivation
AAC_6p_A34-NCBIFAM,aminoglycoside 6'-N-acetyltransferase AacA34,product inactivation
AAC_6p_A37-NCBIFAM,aminoglycoside 6'-N-acetyltransferase AacA37,product inactivation
AAC_6p_A40-NCBIFAM,aminoglycoside 6'-N-acetyltransferase AacA40,product inactivation
AAC_6p_A48-NCBIFAM,aminoglycoside 6'-N-acetyltransferase AAC(6')-Iag,product inactivation
AAC_6p_A49-NCBIFAM,AAC(6')-Ia family aminoglycoside 6'-N-acetyltransferase AacA49,product inactivation
AAC_6p_Acine-NCBIFAM,AAC(6')-Ighjkrstuvwx family aminoglycoside N-acetyltransferase,product inactivation
AAC_6p_Entco-NCBIFAM,aminoglycoside 6'-N-acetyltransferase,product inactivation
AAC_6p_Ia_fam-NCBIFAM,AAC(6')-Ia family aminoglycoside 6'-N-acetyltransferase,product inactivation
AAC_6p_Iad-NCBIFAM,aminoglycoside N-acetyltransferase AAC(6')-Iad,product inactivation
AAC_6p_Iak-NCBIFAM,aminoglycoside N-acetyltransferase AAC(6')-Iak,product inactivation
AAC_6p_Ian-NCBIFAM,aminoglycoside N-acetyltransferase AAC(6')-Ian,product inactivation
AAC_6p_Ib-NCBIFAM,AAC(6')-Ib family aminoglycoside 6'-N-acetyltransferase,product inactivation
AAC_6p_Id-NCBIFAM,aminoglycoside N-acetyltransferase AAC(6')-Id,product inactivation
AAC_6p_Ie_fam-NCBIFAM,AAC(6')-Ie family aminoglycoside N-acetyltransferase,product inactivation
AAC_6p_Ie-NCBIFAM,aminoglycoside N-acetyltransferase AAC(6')-Ie,product inactivation
AAC_6p_If-NCBIFAM,aminoglycoside N-acetyltransferase AAC(6')-If,product inactivation
AAC_6p_IIc-NCBIFAM,aminoglycoside N-acetyltransferase AAC(6')-IIc,product inactivation
AAC_6p_III-NCBIFAM,tobramycin N-acetyltransferase AAC(6')-III,product inactivation
AAC_6p_Il-NCBIFAM,aminoglycoside N-acetyltransferase AAC(6')-Il,product inactivation
AAC_6p_Im-NCBIFAM,aminoglycoside N-acetyltransferase AAC(6')-Im,product inactivation
AAC_6p_Ip-NCBIFAM,aminoglycoside 6'-N-acetyltransferase AAC(6')-Ip,product inactivation
AAC_6p_Iz-NCBIFAM,aminoglycoside N-acetyltransferase AAC(6')-Iz,product inactivation
AAC_6p_Serra-NCBIFAM,aminoglycoside 6'-N-acetyltransferase,product inactivation
AAC_6p_set_A-NCBIFAM,aminoglycoside 6'-N-acetyltransferase,product inactivation
AAC_6p_Steno-NCBIFAM,aminoglycoside 6'-N-acetyltransferase,product inactivation
AAC_6p_Strep-NCBIFAM,aminoglycoside 6'-N-acetyltransferase,product inactivation
AAC_6p_Yersi-NCBIFAM,aminoglycoside 6'-N-acetyltransferase,product inactivation
aadE-Cc-NCBIFAM,aminoglycoside 6-adenylyltransferase AadE-Cc,product inactivation
ABCF_CarA-NCBIFAM,ABC-F type ribosomal protection protein Car(A),target protection
ABCF_Lsa_all-NCBIFAM,Lsa family ABC-F type ribosomal protection protein,target protection
ABCF_Msr_all-NCBIFAM,Msr family ABC-F type ribosomal protection protein,target protection
ABCF_OptrA-NCBIFAM,ABC-F type ribosomal protection protein OptrA,target protection
ABCF_producer-NCBIFAM,TlrC/CarA/OleB/SrmB family ABC-F type ribosomal protection protein,target protection
ABCF_Sal-NCBIFAM,Sal family ABC-F type ribosomal protection protein,target protection
ABCF_Vga_all-NCBIFAM,Vga family ABC-F type ribosomal protection protein,target protection
amicyc_ac_ApmA-NCBIFAM,aminocyclitol acetyltransferase ApmA,product inactivation
ANT_2pp_Ia-NCBIFAM,aminoglycoside nucleotidyltransferase ANT(2'')-Ia,product inactivation
ANT_3pp_AadA1-NCBIFAM,ANT(3'')-Ia family aminoglycoside nucleotidyltransferase AadA1,product inactivation
ANT_3pp_AadA3-NCBIFAM,ANT(3'')-Ia family aminoglycoside nucleotidyltransferase AadA3,product inactivation
ANT_3pp_I-NCBIFAM,ANT(3'')-I family aminoglycoside nucleotidyltransferase,product inactivation
ANT_3pp_II-NCBIFAM,ANT(3'')-II family aminoglycoside nucleotidyltransferase,product inactivation
ANT_4p_I-NCBIFAM,ANT(4')-I family aminoglycoside nucleotidyltransferase,product inactivation
ANT_4p_Ia-NCBIFAM,aminoglycoside O-nucleotidyltransferase ANT(4')-Ia,product inactivation
ANT_4p_Ib-NCBIFAM,aminoglycoside O-nucleotidyltransferase ANT(4')-Ib,product inactivation
ANT_4p_II-NCBIFAM,ANT(4')-II family aminoglycoside nucleotidyltransferase,product inactivation
ANT_6_aadK-NCBIFAM,aminoglycoside 6-adenylyltransferase AadK,product inactivation
ANT_6_aadS-NCBIFAM,AadS family aminoglycoside 6-adenylyltransferase,product inactivation
ANT_6_str-NCBIFAM,streptomycin adenylyltransferase Str,product inactivation
ANT_6-NCBIFAM,aminoglycoside 6-nucleotidyltransferase,product inactivation
ANT_9-NCBIFAM,ANT(9) family aminoglycoside nucleotidyltransferase,product inactivation
APH_2pp_I_a_f_h-NCBIFAM,APH(2'')-Ia/If/Ih family aminoglycoside O-phosphotransferase,product inactivation
APH_2pp_Ia-NCBIFAM,aminoglycoside O-phosphotransferase APH(2'')-Ia,product inactivation
APH_2pp_Ie_IVa-NCBIFAM,APH(2'')-Ie/IVa family aminoglycoside O-phosphotransferase,product inactivation
APH_2pp_If_Ih-NCBIFAM,APH(2'')-If/Ih family aminoglycoside O-phosphotransferase,product inactivation
APH_2pp_Ig-NCBIFAM,aminoglycoside O-phosphotransferase APH(2'')-Ig,product inactivation
APH_2pp_IIa-NCBIFAM,aminoglycoside O-phosphotransferase APH(2'')-IIa,product inactivation
APH_2pp_IIIa-NCBIFAM,aminoglycoside O-phosphotransferase APH(2'')-IIIa,product inactivation
APH_3p_A16-NCBIFAM,APH(3') family aminoglycoside O-phosphotransferase AphA16,product inactivation
APH_3p_I-NCBIFAM,APH(3')-I family aminoglycoside O-phosphotransferase,product inactivation
APH_3p_II-NCBIFAM,APH(3')-II family aminoglycoside O-phosphotransferase,product inactivation
APH_3p_IIIa-NCBIFAM,aminoglycoside O-phosphotransferase APH(3')-IIIa,product inactivation
APH_3p_IVa-NCBIFAM,aminoglycoside O-phosphotransferase APH(3')-IVa,product inactivation
APH_3p_V-NCBIFAM,APH(3')-V family aminoglycoside O-phosphotransferase,product inactivation
APH_3p_VI-NCBIFAM,APH(3')-VI family aminoglycoside O-phosphotransferase,product inactivation
APH_3p_VIIa-NCBIFAM,aminoglycoside O-phosphotransferase APH(3')-VIIa,product inactivation
APH_3p_VIII-NCBIFAM,aminoglycoside O-phosphotransferase APH(3')-VIII,product inactivation
APH_3p_XV-NCBIFAM,aminoglycoside O-phosphotransferase APH(3')-XV,product inactivation
APH_3p-NCBIFAM,APH(3') family aminoglycoside O-phosphotransferase,product inactivation
APH_3pp_Ia-NCBIFAM,aminoglycoside O-phosphotransferase APH(3'')-Ia,product inactivation
APH_3pp_Ib-NCBIFAM,aminoglycoside O-phosphotransferase APH(3'')-Ib,product inactivation
APH_3pp-NCBIFAM,APH(3'') family aminoglycoside O-phosphotransferase,product inactivation
APH_4_Ia-NCBIFAM,aminoglycoside O-phosphotransferase APH(4)-Ia,product inactivation
APH_6_Ic_gen-NCBIFAM,APH(6)-I family aminoglycoside O-phosphotransferase,product inactivation
APH_6_Ic-NCBIFAM,aminoglycoside O-phosphotransferase APH(6)-Ic,product inactivation
APH_6_Steno-NCBIFAM,APH(6) family putative aminoglycoside O-phosphotransferase,product inactivation
APH_6-NCBIFAM,APH(6)-I family aminoglycoside O-phosphotransferase,product inactivation
APH_7pp_Ia-NCBIFAM,aminoglycoside O-phosphotransferase APH(7'')-Ia,product inactivation
APH_9_Ia-NCBIFAM,aminoglycoside O-phosphotransferase APH(9)-Ia,product inactivation
APH_9_Ib-NCBIFAM,aminoglycoside O-phosphotransferase APH(9)-Ib,product inactivation
arsB_Sta_pI258-NCBIFAM,arsenite efflux transporter membrane subunit ArsB,efflux pump
betalact_A_Burk_PenA-NCBIFAM,PenA family class A beta-lactamase,product inactivation
betalact_A_Burk_PenI-NCBIFAM,PenI family class A extended-spectrum beta-lactamase,product inactivation
bla_B2_CphA-NCBIFAM,ChpA family subclass B2 metallo-beta-lactamase,product inactivation
bla_Bc_2-NCBIFAM,BcII family subclass B1 metallo-beta-lactamase,product inactivation
bla_CblA-NCBIFAM,CblA family class A beta-lactamase,product inactivation
bla_CepA-NCBIFAM,CepA family class A extended-spectrum beta-lactamase,product inactivation
bla_CfxA-NCBIFAM,CfxA family class A broad-spectrum beta-lactamase,product inactivation
bla_class_A-NCBIFAM,class A beta-lactamase,product inactivation
bla_class_B_core-NCBIFAM,metallo-beta-lactamase core region,product inactivation
bla_class_C-NCBIFAM,class C beta-lactamase,product inactivation
bla_class_D_alt-NCBIFAM,class D beta-lactamase,product inactivation
bla_class_D_main-NCBIFAM,class D beta-lactamase,product inactivation
bla_Exo-NCBIFAM,Exo family class A beta-lactamase,product inactivation
bla_subclass_B1-NCBIFAM,subclass B1 metallo-beta-lactamase,product inactivation
bla_subclass_B2-NCBIFAM,subclass B2 metallo-beta-lactamase,product inactivation
bla_subclass_B3-NCBIFAM,subclass B3 metallo-beta-lactamase,product inactivation
bla_xUS-NCBIFAM,MUS/TUS/MOC family subclass B1 metallo-beta-lactamase,product inactivation
bla-A_Chryseo-NCBIFAM,CGA/CIA family class A beta-lactamase,product inactivation
bla-B1-FLAV-NCBIFAM,subclass B1 metallo-beta-lactamase,product inactivation
bla1-NCBIFAM,class A beta-lactamase Bla1,product inactivation
BlaA_Yent-NCBIFAM,class A beta-lactamase BlaA,product inactivation
blaAAK-NCBIFAM,AAK family class A beta-lactamase,product inactivation
blaACC-NCBIFAM,ACC family cephalosporin-hydrolyzing class C beta-lactamase,product inactivation
blaACI-NCBIFAM,ACI family class A beta-lactamase,product inactivation
blaACT-NCBIFAM,ACT family cephalosporin-hydrolyzing class C beta-lactamase,product inactivation
blaADC-NCBIFAM,ADC family extended-spectrum class C beta-lactamase,product inactivation
blaAFM-NCBIFAM,AFM family subclass B1 metallo-beta-lactamase,product inactivation
blaAIM-NCBIFAM,AIM family subclass B3 metallo-beta-lactamase,product inactivation
blaALI-NCBIFAM,ALI family subclass B1 metallo-beta-lactamase,product inactivation
blaAQU-NCBIFAM,AQU family class C beta-lactamase,product inactivation
blaARL-NCBIFAM,ARL family class A beta-lactamase,product inactivation
blaAXC-NCBIFAM,AXC family carbapenem-hydrolyzing class A beta-lactamase,product inactivation
blaB-IND-MUS-NCBIFAM,BlaB/IND/MUS family subclass B1 metallo-beta-lactamase,product inactivation
blaB-NCBIFAM,BlaB family subclass B1 metallo-beta-lactamase,product inactivation
blaBBI-NCBIFAM,BBI family class A beta-lactamase,product inactivation
blaBCL-NCBIFAM,BCL family class A beta-lactamase,product inactivation
blaBEL-NCBIFAM,BEL family class A extended-spectrum beta-lactamase,product inactivation
blaBES-NCBIFAM,BES family class A beta-lactamase,product inactivation
blaBIC-NCBIFAM,BIC family carbapenem-hydrolyzing class A beta-lactamase,product inactivation
blaBJP-NCBIFAM,BJP family subclass B3 metallo-beta-lactamase,product inactivation
blaBKC_GPC-NCBIFAM,BKC/GPC family carbapenem-hydrolyzing class A beta-lactamase,product inactivation
blaBKC-NCBIFAM,BKC family carbapenem-hydrolyzing class A beta-lactamase,product inactivation
blaBPU-NCBIFAM,BPU family class D beta-lactamase,product inactivation
blaBUT-NCBIFAM,BUT family class C beta-lactamase,product inactivation
blaCAM-NCBIFAM,CAM family subclass B1 metallo-beta-lactamase,product inactivation
blaCAU-NCBIFAM,CAU/MBL1b family subclass B3 metallo-beta-lactamase,product inactivation
blaCBP-NCBIFAM,CBP family penicillin-hydrolyzing class A beta-lactamase,product inactivation
blaCcrA-NCBIFAM,CfiA family subclass B1 metallo-beta-lactamase,product inactivation
blaCDD-NCBIFAM,CDD family class D beta-lactamase,product inactivation
blaCIA-NCBIFAM,CIA family class A extended-spectrum beta-lactamase,product inactivation
blaCMA-NCBIFAM,CMA family class C beta-lactamase,product inactivation
blaCME-NCBIFAM,CME family class A extended-spectrum beta-lactamase,product inactivation
blaCMH-NCBIFAM,CMH family class C beta-lactamase,product inactivation
blaCPS-NCBIFAM,CPS family subclass B3 metallo-beta-lactamase,product inactivation
blaCRH-NCBIFAM,CRH family carbapenem-hydrolyzing class A beta-lactamase,product inactivation
blaCRP-NCBIFAM,CRP family carbapenem-hydrolyzing class A beta-lactamase,product inactivation
blaCSA-NCBIFAM,CSA family class C beta-lactamase,product inactivation
blaCTX-M-NCBIFAM,CTX-M family class A extended-spectrum beta-lactamase,product inactivation
blaCVI-NCBIFAM,CVI family subclass B2 metallo-beta-lactamase,product inactivation
blaDHA-NCBIFAM,DHA family class C beta-lactamase,product inactivation
blaDIM_SIM_IMP-NCBIFAM,DIM/SIM/IMP family subclass B1 metallo-beta-lactamase,product inactivation
blaDIM-NCBIFAM,DIM family subclass B1 metallo-beta-lactamase,product inactivation
blaEAM-NCBIFAM,EAM family subclass B3 metallo-beta-lactamase,product inactivation
blaEBR-NCBIFAM,EBR family subclass B1 metallo-beta-lactamase,product inactivation
BlaEC-NCBIFAM,BlaEC family class C beta-lactamase,product inactivation
blaECM-NCBIFAM,ECM family subclass B3 metallo-beta-lactamase,product inactivation
blaEFM-NCBIFAM,EFM family subclass B3 metallo-beta-lactamase,product inactivation
blaESP-1_fam-NCBIFAM,ESP-1 family subclass B3 metallo-beta-lactamase,product inactivation
blaFEZ-NCBIFAM,FEZ family subclass B3 metallo-beta-lactamase,product inactivation
blaFIM-NCBIFAM,FIM family subclass B1 metallo-beta-lactamase,product inactivation
blaFONA-NCBIFAM,FONA family class A beta-lactamase,product inactivation
blaFOX-NCBIFAM,FOX family cephalosporin-hydrolyzing class C beta-lactamase,product inactivation
blaFRI-NCBIFAM,FRI family carbapenem-hydrolyzing class A beta-lactamase,product inactivation
blaFTU-NCBIFAM,FTU family class A beta-lactamase,product inactivation
blaGES-NCBIFAM,GES family class A beta-lactamase,product inactivation
blaGIL-NCBIFAM,GIL family class A beta-lactamase,product inactivation
blaGIM-NCBIFAM,GIM family subclass B1 metallo-beta-lactamase,product inactivation
blaGMB-NCBIFAM,GMB family subclass B1 metallo-beta-lactamase,product inactivation
blaGOB-NCBIFAM,GOB family subclass B3 metallo-beta-lactamase,product inactivation
BlaI_of_MRSA-NCBIFAM,penicillinase repressor BlaI,product inactivation
blaIDC-NCBIFAM,IDC family class C beta-lactamase,product inactivation
blaIMI-NCBIFAM,IMI family carbapenem-hydrolyzing class A beta-lactamase,product inactivation
blaIMP-NCBIFAM,IMP family subclass B1 metallo-beta-lactamase,product inactivation
blaIND-NCBIFAM,IND family subclass B1 metallo-beta-lactamase,product inactivation
blaKHM-HMB-NCBIFAM,KHM/HMB family subclass B1 metallo-beta-lactamase,product inactivation
blaKLUC-NCBIFAM,KLUC family class A extended-spectrum beta-lactamase,product inactivation
blaKPC-NCBIFAM,KPC family carbapenem-hydrolyzing class A beta-lactamase,product inactivation
blaL-NCBIFAM,BlaL family class A beta-lactamase,product inactivation
blaL1-NCBIFAM,L1 family subclass B3 metallo-beta-lactamase,product inactivation
blaLAP-NCBIFAM,LAP family class A beta-lactamase,product inactivation
blaLAQ-NCBIFAM,LAQ family class C beta-lactamase,product inactivation
blaLHK-NCBIFAM,LHK family class C beta-lactamase,product inactivation
blaLUT-NCBIFAM,LUT family class A beta-lactamase,product inactivation
blaMCA-NCBIFAM,MCA family class C beta-lactamase,product inactivation
BlaMIR-NCBIFAM,MIR family cephalosporin-hydrolyzing class C beta-lactamase,product inactivation
blaMSI-1_fam-NCBIFAM,MSI-1 family subclass B3 metallo-beta-lactamase,product inactivation
blaMUS-NCBIFAM,MUS family subclass B1 metallo-beta-lactamase,product inactivation
blaNDM-NCBIFAM,NDM family subclass B1 metallo-beta-lactamase,product inactivation
blaOCH-NCBIFAM,OCH family class C extended-spectrum beta-lactamase,product inactivation
blaORN-NCBIFAM,ORN family class A beta-lactamase,product inactivation
blaOXA_Campylobacter-NCBIFAM,class D beta-lactamase,product inactivation
blaOXA-1_like-NCBIFAM,OXA-1 family class D beta-lactamase,product inactivation
blaOXA-10_like-NCBIFAM,OXA-10 family class D beta-lactamase,product inactivation
blaOXA-1036_like-NCBIFAM,OXA-1036 family carbapenem-hydrolyzing class D beta-lactamase,product inactivation
blaOXA-1043_like-NCBIFAM,OXA-1043 family class D beta-lactamase,product inactivation
blaOXA-114_like-NCBIFAM,OXA-114 family class D beta-lactamase,product inactivation
blaOXA-12_like-NCBIFAM,OXA-12 family class D beta-lactamase,product inactivation
blaOXA-134_like-NCBIFAM,OXA-134 family carbapenem-hydrolyzing class D beta-lactamase,product inactivation
blaOXA-143_like-NCBIFAM,OXA-143 family carbapenem-hydrolyzing class D beta-lactamase,product inactivation
blaOXA-184_like-NCBIFAM,OXA-184 family class D beta-lactamase,product inactivation
blaOXA-2_like-NCBIFAM,OXA-2 family class D beta-lactamase,product inactivation
blaOXA-211_like-NCBIFAM,OXA-211 family carbapenem-hydrolyzing class D beta-lactamase,product inactivation
blaOXA-213_like-NCBIFAM,OXA-213 family carbapenem-hydrolyzing class D beta-lactamase,product inactivation
blaOXA-214_like-NCBIFAM,OXA-214 family carbapenem-hydrolyzing class D beta-lactamase,product inactivation
blaOXA-22_like-NCBIFAM,OXA-22 family class D beta-lactamase,product inactivation
blaOXA-229_like-NCBIFAM,OXA-229 family carbapenem-hydrolyzing class D beta-lactamase,product inactivation
blaOXA-23_like-NCBIFAM,OXA-23 family carbapenem-hydrolyzing class D beta-lactamase,product inactivation
blaOXA-24_like-NCBIFAM,OXA-24 family carbapenem-hydrolyzing class D beta-lactamase,product inactivation
blaOXA-266_like-NCBIFAM,OXA-266 family class D beta-lactamase,product inactivation
blaOXA-274_like-NCBIFAM,OXA-274 family class D beta-lactamase,product inactivation
blaOXA-286_like-NCBIFAM,OXA-286 family class D beta-lactamase,product inactivation
blaOXA-294_like-NCBIFAM,OXA-294 family class D beta-lactamase,product inactivation
blaOXA-364_like-NCBIFAM,OXA-364 family class D beta-lactamase,product inactivation
blaOXA-372_like-NCBIFAM,OXA-372 family carbapenem-hydrolyzing class D beta-lactamase,product inactivation
blaOXA-42_like-NCBIFAM,OXA-42 family class D beta-lactamase,product inactivation
blaOXA-427_like-NCBIFAM,OXA-427 family carbapenem-hydrolyzing class D beta-lactamase,product inactivation
blaOXA-46_like-NCBIFAM,OXA-46 family oxacillin-hydrolyzing class D beta-lactamase,product inactivation
blaOXA-48_like-NCBIFAM,OXA-48 family class D beta-lactamase,product inactivation
blaOXA-493_like-NCBIFAM,OXA-493 family class D beta-lactamase,product inactivation
blaOXA-5_like-NCBIFAM,OXA-5 family class D beta-lactamase,product inactivation
blaOXA-50_like-NCBIFAM,OXA-50 family oxacillin-hydrolyzing class D beta-lactamase,product inactivation
blaOXA-51_like-NCBIFAM,OXA-51 family carbapenem-hydrolyzing class D beta-lactamase,product inactivation
blaOXA-548_like-NCBIFAM,OXA-548 family class D beta-lactamase,product inactivation
blaOXA-55_like-NCBIFAM,OXA-55 family carbapenem-hydrolyzing class D beta-lactamase,product inactivation
blaOXA-576_like-NCBIFAM,OXA-576 family class D beta-lactamase,product inactivation
blaOXA-58_like-NCBIFAM,OXA-58 family carbapenem-hydrolyzing class D beta-lactamase,product inactivation
blaOXA-60_like-NCBIFAM,OXA-60 family carbapenem-hydrolyzing class D beta-lactamase,product inactivation
blaOXA-61_like-NCBIFAM,OXA-61 family class D beta-lactamase,product inactivation
blaOXA-62_like-NCBIFAM,OXA-62 family carbapenem-hydrolyzing class D beta-lactamase,product inactivation
blaOXA-63_like-NCBIFAM,OXA-63 family oxacillin-hydrolyzing class D beta-lactamase,product inactivation
blaOXA-679_like-NCBIFAM,OXA-679 family carbapenem-hydrolyzing class D beta-lactamase,product inactivation
blaOXA-727_like-NCBIFAM,OXA-727 family class D beta-lactamase,product inactivation
blaOXA-85_like-NCBIFAM,OXA-85 family oxacillin-hydrolyzing class D beta-lactamase,product inactivation
blaOXA-9_like-NCBIFAM,OXA-9 family oxacillin-hydrolyzing class D beta-lactamase,product inactivation
blaOXA-919_like-NCBIFAM,OXA-919 family class D beta-lactamase,product inactivation
blaOXY-NCBIFAM,OXY family class A extended-spectrum beta-lactamase,product inactivation
blaP-NCBIFAM,class A beta-lactamase BlaP,product inactivation
blaPAC-NCBIFAM,PAC family class C beta-lactamase,product inactivation
blaPAD-NCBIFAM,PAD family carbapenem-hydrolyzing class A beta-lactamase,product inactivation
blaPAU-NCBIFAM,PAU family class A beta-lactamase,product inactivation
blaPDC_var-NCBIFAM,PDC variant family class C beta-lactamase,product inactivation
blaPDC-NCBIFAM,PDC family class C beta-lactamase,product inactivation
blaPEDO-1_fam-NCBIFAM,PEDO-1 family subclass B3 metallo-beta-lactamase,product inactivation
blaPEDO-2_fam-NCBIFAM,PEDO-2 family subclass B3 metallo-beta-lactamase,product inactivation
blaPEDO-3_fam-NCBIFAM,PEDO-3 family subclass B1 metallo-beta-lactamase,product inactivation
blaPER-NCBIFAM,PER family class A extended-spectrum beta-lactamase,product inactivation
blaPFM-NCBIFAM,PFM family subclass B2 metallo-beta-lactamase,product inactivation
blaPLA_ORN_TER-NCBIFAM,PLA/ORN/TER family class A beta-lactamase,product inactivation
blaPLA-NCBIFAM,PLA family class A beta-lactamase,product inactivation
blaPME-NCBIFAM,PME family class A beta-lactamase,product inactivation
blaPOM-NCBIFAM,POM family subclass B3 metallo-beta-lactamase,product inactivation
blaPST-NCBIFAM,PST family subclass B1 metallo-beta-lactamase,product inactivation
blaPSV-NCBIFAM,PSV family class A beta-lactamase,product inactivation
blaR1_generic-NCBIFAM,BlaR1 family beta-lactam sensor/signal transducer,product inactivation
blaRAA-NCBIFAM,RAA family class A beta-lactamase,product inactivation
blaRASA-NCBIFAM,RASA family class A extended-spectrum beta-lactamase,product inactivation
blaRCP-NCBIFAM,RCP family class A beta-lactamase,product inactivation
blaRHO-NCBIFAM,RHO family class C beta-lactamase,product inactivation
blaROB-NCBIFAM,ROB family class A beta-lactamase,product inactivation
blaRUB-NCBIFAM,RUB family class A broad-spectrum beta-lactamase,product inactivation
blaSCO-NCBIFAM,SCO family class A beta-lactamase,product inactivation
blaSED-NCBIFAM,SED family class A beta-lactamase,product inactivation
blaSFC-NCBIFAM,SFC family carbapenem-hydrolyzing class A beta-lactamase,product inactivation
blaSFH_gen-NCBIFAM,SFH-related subclass B2 metallo-beta-lactamase,product inactivation
blaSFH-NCBIFAM,SFH family subclass B2 metallo-beta-lactamase,product inactivation
blaSGM-NCBIFAM,SGM family class A beta-lactamase,product inactivation
blaSIM-NCBIFAM,SIM family subclass B1 metallo-beta-lactamase,product inactivation
blaSME-NCBIFAM,SME family carbapenem-hydrolyzing class A beta-lactamase,product inactivation
blaSPG-1_fam-NCBIFAM,SPG-1 family subclass B3 metallo-beta-lactamase,product inactivation
blaSPM-NCBIFAM,SPM family subclass B1 metallo-beta-lactamase,product inactivation
blaSRT-NCBIFAM,SRT/SST family class C beta-lactamase,product inactivation
blaTEM-NCBIFAM,TEM family class A beta-lactamase,product inactivation
blaTER-NCBIFAM,TER family class A beta-lactamase,product inactivation
blaTHIN-NCBIFAM,THIN family subclass B3 metallo-beta-lactamase,product inactivation
blaTLA-NCBIFAM,TLA family class A extended-spectrum beta-lactamase,product inactivation
blaTMB-NCBIFAM,TMB family subclass B1 metallo-beta-lactamase,product inactivation
blaTTU-NCBIFAM,TTU family subclass B1 metallo-beta-lactamase,product inactivation
blaTUS-NCBIFAM,TUS family subclass B1 metallo-beta-lactamase,product inactivation
blaVCC-NCBIFAM,VCC family carbapenem-hydrolyzing class A beta-lactamase,product inactivation
blaVEB-NCBIFAM,VEB family class A extended-spectrum beta-lactamase,product inactivation
blaVIM-NCBIFAM,VIM family subclass B1 metallo-beta-lactamase,product inactivation
blaVMB-NCBIFAM,VMB family subclass B1 metallo-beta-lactamase,product inactivation
blaYEM-NCBIFAM,YEM family subclass B2 metallo-beta-lactamase,product inactivation
blaYRC-NCBIFAM,YRC family class C beta-lactamase,product inactivation
blaZ_gen-NCBIFAM,BlaZ-like penicillin-hydrolyzing class A beta-lactamase,product inactivation
blaZ_mecC_type-NCBIFAM,mecC-type penicillin-hydrolyzing class A beta-lactamase BlaZ,product inactivation
blaZ-NCBIFAM,penicillin-hydrolyzing class A beta-lactamase BlaZ,product inactivation
ble_BLMA_gen-NCBIFAM,BLMA family bleomycin binding protein,product inactivation
ble_BLMT-NCBIFAM,BLMT family bleomycin binding protein,product inactivation
ble_MBL-NCBIFAM,bleomycin binding protein Ble-MBL,product inactivation
ble_Sh-NCBIFAM,phleomycin/bleomycin binding protein Ble-Sh,product inactivation
BlmB-NCBIFAM,bleomycin family antibiotic N-acetyltransferase BlmB,product inactivation
CAR_gen_B3-NCBIFAM,CAR family subclass B3 metallo-beta-lactamase,product inactivation
CARB-NCBIFAM,CARB family carbenicillin-hydrolyzing class A beta-lactamase,product inactivation
carbeni_gen-NCBIFAM,CARB/PSE/RTG family carbenicillin-hydrolyzing class A beta-lactamase,product inactivation
CfrAB-NCBIFAM,Cfr family 23S rRNA (adenine(2503)-C(8))-methyltransferase,target alteration
chaperon_ArsD-NCBIFAM,arsenite efflux transporter metallochaperone ArsD,efflux pump
CHL_hydrolase-NCBIFAM,chloramphenicol hydrolase,product inactivation
chloram_CatA-NCBIFAM,type A chloramphenicol O-acetyltransferase,product inactivation
chloram_CatB-NCBIFAM,type B chloramphenicol O-acetyltransferase,product inactivation
chrB-NCBIFAM,23S rRNA (guanine(748)-N(1))-methyltransferase ChrB,target alteration
classA_carba-NCBIFAM,carbapenem-hydrolyzing class A beta-lactamase,product inactivation
classA_firm-NCBIFAM,class A beta-lactamase,product inactivation
cml_V_MFS-NCBIFAM,chloramphenicol efflux MFS transporter CmlV,efflux pump
cmlA_floR-NCBIFAM,CmlA/FloR family chloramphenicol efflux MFS transporter,efflux pump
cmlB1_MFS-NCBIFAM,chloramphenicol efflux MFS transporter CmlB1,efflux pump
cmx_cmrA-NCBIFAM,Cmx/CmrA family chloramphenicol efflux MFS transporter,efflux pump
CMY2-MIR-ACT-EC-NCBIFAM,CMY2/MIR/ACT/EC family class C beta-lactamase,product inactivation
CMY2-NCBIFAM,CMY-2 family class C beta-lactamase,product inactivation
D_ala_D_lac_Ao2-NCBIFAM,D-alanine--(R)-lactate ligase VanA-Ao2,target protection
D_ala_D_lac_Sc-NCBIFAM,D-alanine--(R)-lactate ligase VanA-Sc,target protection
D_ala_D_lac_VanA-NCBIFAM,D-alanine--(R)-lactate ligase VanA,target protection
D_ala_D_lac_VanB-NCBIFAM,D-alanine--(R)-lactate ligase VanB,target protection
D_ala_D_lac_VanD-NCBIFAM,D-alanine--(R)-lactate ligase VanD,target protection
D_ala_D_lac_VanF-NCBIFAM,D-alanine--(R)-lactate ligase VanF,target protection
D_ala_D_lac_VanI-NCBIFAM,D-alanine--(R)-lactate ligase VanI,target protection
D_ala_D_lac_VanM-NCBIFAM,D-alanine--(R)-lactate ligase VanM,target protection
D_ala_D_lac_VanO-NCBIFAM,D-alanine--(R)-lactate ligase VanO,target protection
D_ala_D_lac-NCBIFAM,D-alanine--(R)-lactate ligase,target alteration
D_ala_D_ser_VanC-NCBIFAM,D-alanine--D-serine ligase VanC,target protection
D_ala_D_ser_VanE-NCBIFAM,D-alanine--D-serine ligase VanE,target protection
D_ala_D_ser_VanG-NCBIFAM,D-alanine--D-serine ligase VanG,target protection
D_ala_D_ser_VanL-NCBIFAM,D-alanine--D-serine ligase VanL,target protection
D_ala_D_ser_VanN-NCBIFAM,D-alanine--D-serine ligase VanN,target protection
D_ala_D_ser-NCBIFAM,D-alanine--D-serine ligase,target alteration
dipept_VanX-NCBIFAM,D-Ala-D-Ala dipeptidase VanX,target protection
efflux_CmlA-NCBIFAM,CmlA family chloramphenicol efflux MFS transporter,efflux pump
efflux_Cmx-NCBIFAM,chloramphenicol efflux MFS transporter Cmx,efflux pump
efflux_OM_AdeC-NCBIFAM,multidrug efflux RND transporter AdeABC outer membrane channel subunit AdeC,efflux pump
emrE-Resfams,Resfams: SMR family small multidrug resistance efflux protein EmrE,efflux pump
EreA-NCBIFAM,EreA family erythromycin esterase,product inactivation
EreB-NCBIFAM,EreB family erythromycin esterase,product inactivation
EreD-NCBIFAM,EreD family erythromycin esterase,product inactivation
erm_38_23S_MT-NCBIFAM,23S rRNA (adenine(2058)-N(6))-methyltransferase Erm(38),target alteration
erm_A_23S_MT-NCBIFAM,23S rRNA (adenine(2058)-N(6))-methyltransferase Erm(A),target alteration
erm_B_23S_MT-NCBIFAM,23S rRNA (adenine(2058)-N(6))-methyltransferase Erm(B),target alteration
erm_C_23S_MT-NCBIFAM,23S rRNA (adenine(2058)-N(6))-methyltransferase Erm(C),target alteration
erm_F_23S_MT-NCBIFAM,23S rRNA (adenine(2058)-N(6))-methyltransferase Erm(F),target alteration
erm_SHROVE-NCBIFAM,ErmE/ErmH/ErmO/ErmR family 23S rRNA (adenine(2058)-N(6))-methyltransferase,target alteration
Erm23S_rRNA_broad-NCBIFAM,23S ribosomal RNA methyltransferase Erm,target alteration
Erm32-NCBIFAM,23S rRNA (guanine(748)-N(1))-methyltransferase Erm(32),target alteration
Erm37-NCBIFAM,23S rRNA (adenine(2058)-N(6))-methyltransferase Erm(37),target alteration
Erm42-NCBIFAM,23S rRNA (adenine(2058)-N(6))-methyltransferase Erm(42),target alteration
Erm43-NCBIFAM,23S rRNA (adenine(2058)-N(6))-methyltransferase Erm(43),target alteration
Erm45-NCBIFAM,23S rRNA (adenine(2058)-N(6))-methyltransferase Erm(45),target alteration
ErmO-NCBIFAM,23S rRNA (adenine(2058)-N(6))-methyltransferase Erm(O),target alteration
ErmS-NCBIFAM,23S rRNA (adenine(2058)-N(6))-methyltransferase Erm(S),target alteration
ErmV-NCBIFAM,23S rRNA (adenine(2058)-N(6))-methyltransferase Erm(V),target alteration
FexA-NCBIFAM,chloramphenicol/florfenicol efflux MFS transporter FexA,efflux pump
FloR-NCBIFAM,chloramphenicol/florfenicol efflux MFS transporter FloR,efflux pump
fomA_AB016934.1.gene6-NCBIFAM,fosfomycin resistance kinase FomA,product inactivation
Fos_BSH_Bcer-NCBIFAM,FosB family fosfomycin resistance bacillithiol transferase,product inactivation
Fos_BSH_Saur-NCBIFAM,FosB1/FosB3 family fosfomycin resistance bacillithiol transferase,product inactivation
Fos_BSH_Sepi-NCBIFAM,FosB family fosfomycin resistance bacillithiol transferase,product inactivation
Fos_BSH-NCBIFAM,FosB/FosD family fosfomycin resistance bacillithiol transferase,product inactivation
Fos_GSH-NCBIFAM,fosfomycin resistance glutathione transferase,product inactivation
fos-Crono-NCBIFAM,FosA family fosfomycin resistance glutathione transferase,product inactivation
FosA-NCBIFAM,FosA family fosfomycin resistance glutathione transferase,product inactivation
fosA5_fam-NCBIFAM,FosA5 family fosfomycin resistance glutathione transferase,product inactivation
fosA7-NCBIFAM,FosA7 family fosfomycin resistance glutathione transferase,product inactivation
fosA8-NCBIFAM,FosA8 family fosfomycin resistance glutathione transferase,product inactivation
FosF-NCBIFAM,fosfomycin resistance glutathione transferase FosF,product inactivation
FosG-NCBIFAM,FosG family fosfomycin resistance glutathione transferase,product inactivation
FosK-NCBIFAM,fosfomycin resistance glutathione transferase FosK,product inactivation
fosM_gen-NCBIFAM,FosM family fosfomycin resistance protein,product inactivation
FosU-NCBIFAM,FosU family fosfomycin resistance glutathione transferase,product inactivation
FosX-NCBIFAM,FosX/FosE/FosI family fosfomycin resistance hydrolase,product inactivation
FOX-MOX-NCBIFAM,FOX/MOX family class C beta-lactamase,product inactivation
fusB-NCBIFAM,FusB family fusidic acid resistance EF-G-binding protein,target protection
fusC-NCBIFAM,FusC family fusidic acid resistance EF-G-binding protein,target protection
fusD-NCBIFAM,FusD family fusidic acid resistance EF-G-binding protein,target protection
fusF-NCBIFAM,fusidic acid resistance EF-G-binding protein FusF,target protection
fusid_est_FusH-NCBIFAM,fusidic acid esterase FusH,product inactivation
glycotrans_Rgt-NCBIFAM,rifamycin-inactivating glycosyltransferase Rgt,product inactivation
HK_VanS_ACDEFG-NCBIFAM,vancomycin resistance histidine kinase VanS,target protection
HK_VanS_B-NCBIFAM,VanB-type vancomycin resistance histidine kinase VanS,target protection
HK_VanS_O-NCBIFAM,VanO-type vancomycin resistance histidine kinase VanS,target protection
L2-NCBIFAM,L2 family class A beta-lactamase,product inactivation
LEN-NCBIFAM,LEN family class A beta-lactamase,product inactivation
linco_LnuA-NCBIFAM,lincosamide nucleotidyltransferase Lnu(A),product inactivation
linco_LnuAN2-NCBIFAM,lincosamide nucleotidyltransferase Lnu(AN2),product inactivation
linco_LnuB-NCBIFAM,lincosamide nucleotidyltransferase Lnu(B),product inactivation
linco_LnuC-NCBIFAM,lincosamide nucleotidyltransferase Lnu(C),product inactivation
linco_LnuD-NCBIFAM,lincosamide nucleotidyltransferase Lnu(D),product inactivation
linco_LnuE-NCBIFAM,lincosamide nucleotidyltransferase Lnu(E),product inactivation
linco_LnuF-NCBIFAM,lincosamide nucleotidyltransferase Lnu(F),product inactivation
linco_LnuG-NCBIFAM,lincosamide nucleotidyltransferase Lnu(G),product inactivation
linco_LnuP-NCBIFAM,lincosamide nucleotidyltransferase Lnu(P),product inactivation
macro_glyco_Mgt-NCBIFAM,macrolide-inactivating glycosyltransferase,product inactivation
macrolide_MefA-NCBIFAM,macrolide efflux MFS transporter Mef(A),efflux pump
macrolide_MefB-NCBIFAM,macrolide efflux MFS transporter Mef(B),efflux pump
macrolide_MefC-NCBIFAM,macrolide efflux MFS transporter Mef(C),efflux pump
macrolide_MefEN2-NCBIFAM,macrolide efflux MFS transporter Mef(En2),efflux pump
macrolide_MphA-NCBIFAM,Mph(A) family macrolide 2'-phosphotransferase,product inactivation
macrolide_MphB-NCBIFAM,Mph(B) family macrolide 2'-phosphotransferase,product inactivation
macrolide_MphC-NCBIFAM,Mph(C) family macrolide 2'-phosphotransferase,product inactivation
macrolide_MphE-NCBIFAM,Mph(E) family macrolide 2'-phosphotransferase,product inactivation
macrolide_MphF-NCBIFAM,Mph(F) family macrolide 2'-phosphotransferase,product inactivation
macrolide_MphL-NCBIFAM,macrolide 2'-phosphotransferase MphL,product inactivation
macrolide_MphM-NCBIFAM,macrolide 2'-phosphotransferase MphM,product inactivation
MATE_multi_MepA-NCBIFAM,multidrug efflux MATE transporter MepA,efflux pump
MATE_multi_NorM-NCBIFAM,multidrug efflux MATE transporter NorM,efflux pump
MECA_PBP2A-NCBIFAM,PBP2a family beta-lactam-resistant peptidoglycan transpeptidase,target alteration
MECA_pure-NCBIFAM,PBP2a family beta-lactam-resistant peptidoglycan transpeptidase MecA,target alteration
MECA1_pure-NCBIFAM,PBP2a family beta-lactam-resistant peptidoglycan transpeptidase MecA1,target alteration
MECA2_pure-NCBIFAM,PBP2a family beta-lactam-resistant peptidoglycan transpeptidase MecA2,target alteration
MECB_PBP-NCBIFAM,PBP2a family beta-lactam-resistant peptidoglycan transpeptidase MecB,target alteration
MECC_PBP-NCBIFAM,PBP2a family beta-lactam-resistant peptidoglycan transpeptidase MecC,target alteration
MECD_PBP-NCBIFAM,PBP2a family beta-lactam-resistant peptidoglycan transpeptidase MecD,target alteration
MecI_of_mecA-NCBIFAM,mecA-type methicillin resistance repressor MecI,target replacement
MecI_of_mecC-NCBIFAM,mecC-type methicillin resistance repressor MecI,target replacement
merT_RC607-NCBIFAM,mercuric transport protein MerT,efflux pump
MexE-Resfams,Resfams: MexE family multidrug efflux RND transporter periplasmic adaptor subunit,efflux pump
MFS_efflux_PexA-NCBIFAM,phenicol efflux MFS transporter PexA,efflux pump
MFS_efflux_tcmA-NCBIFAM,tetracenomycin C efflux MFS transporter,efflux pump
MOX_CMY1_fam-NCBIFAM,CMY-1/MOX family class C beta-lactamase,product inactivation
MPH_3-NCBIFAM,Mph(E)/Mph(G) family macrolide 2'-phosphotransferase,product inactivation
MsrSA-NCBIFAM,ABC-F type ribosomal protection protein Msr(A),target protection
MupA-NCBIFAM,mupirocin-resistant isoleucine--tRNA ligase MupA,target alteration
MupB-NCBIFAM,mupirocin-resistant isoleucine--tRNA ligase MupB,target alteration
myrA-NCBIFAM,23S rRNA (guanine(748)-N(1))-methyltransferase MyrA,target alteration
nosihep_NshR-NCBIFAM,NshR family nosiheptide/thiostrepton resistance 23S rRNA methyltransferase,target alteration
NshR_TsnR-NCBIFAM,NshR/TsnR family 23S rRNA methyltransferase,target alteration
OKP-NCBIFAM,OKP family class A broad-spectrum beta-lactamase,product inactivation
OqxA_adapt_sub-NCBIFAM,multidrug efflux RND transporter periplasmic adaptor subunit OqxA,efflux pump
penta_rpt_QnrA-NCBIFAM,QnrA family quinolone resistance pentapeptide repeat protein,target protection
penta_rpt_QnrAS-NCBIFAM,QnrAS family quinolone resistance pentapeptide repeat protein,target protection
penta_rpt_QnrB-NCBIFAM,QnrB family quinolone resistance pentapeptide repeat protein,target protection
penta_rpt_QnrC-NCBIFAM,QnrC family quinolone resistance pentapeptide repeat protein,target protection
penta_rpt_QnrD-NCBIFAM,QnrD family quinolone resistance pentapeptide repeat protein,target protection
penta_rpt_QnrE-NCBIFAM,QnrE family quinolone resistance pentapeptide repeat protein,target protection
penta_rpt_QnrS-NCBIFAM,QnrS family quinolone resistance pentapeptide repeat protein,target protection
penta_rpt_QnrVC-NCBIFAM,QnrVC family quinolone resistance pentapeptide repeat protein,target protection
phos_trans_CPT-NCBIFAM,chloramphenicol phosphotransferase CPT,product inactivation
poly_MCR3_broad-NCBIFAM,MCR-3-related phosphoethanolamine--lipid A transferase,target alteration
polymyxin_MCR1-NCBIFAM,MCR-1 family phosphoethanolamine--lipid A transferase,target alteration
polymyxin_MCR10-NCBIFAM,MCR-10 family phosphoethanolamine--lipid A transferase,target alteration
polymyxin_MCR2-NCBIFAM,MCR-2 family phosphoethanolamine--lipid A transferase,target alteration
polymyxin_MCR3-NCBIFAM,MCR-3 family phosphoethanolamine--lipid A transferase,target alteration
polymyxin_MCR4-NCBIFAM,MCR-4 family phosphoethanolamine--lipid A transferase,target alteration
polymyxin_MCR5-NCBIFAM,MCR-5 family phosphoethanolamine--lipid A transferase,target alteration
polymyxin_MCR6-NCBIFAM,MCR-6 family phosphoethanolamine--lipid A transferase,target alteration
polymyxin_MCR7-NCBIFAM,MCR-7 family phosphoethanolamine--lipid A transferase,target alteration
polymyxin_MCR8-NCBIFAM,MCR-8 family phosphoethanolamine--lipid A transferase,target alteration
polymyxin_MCR9-NCBIFAM,MCR-9 family phosphoethanolamine--lipid A transferase,target alteration
PSE-NCBIFAM,PSE family carbenicillin-hydrolyzing class A beta-lactamase,product inactivation
qac_MFS_AB-NCBIFAM,QacA/B family quaternary ammonium compound efflux MFS transporter,efflux pump
qac_SMR_C-NCBIFAM,quaternary ammonium compound efflux SMR transporter QacC,efflux pump
qac_SMR_G-NCBIFAM,quaternary ammonium compound efflux SMR transporter QacG,efflux pump
qac_SMR_H-NCBIFAM,quaternary ammonium compound efflux SMR transporter QacH,efflux pump
qac_SMR_J-NCBIFAM,quaternary ammonium compound efflux SMR transporter QacJ,efflux pump
QacCGHJ-NCBIFAM,QacCGHJ group quaternary ammonium compound efflux SMR transporter,efflux pump
qepA-NCBIFAM,fluoroquinolone efflux MFS transporter QepA,efflux pump
resist_ArsN1a-NCBIFAM,arsinothricin resistance N-acetyltransferase ArsN1 family A,product inactivation
resist_ArsN1b-NCBIFAM,arsinothricin resistance N-acetyltransferase ArsN1 family B,product inactivation
resist_ArsN2-NCBIFAM,arsenic resistance N-acetyltransferase ArsN2,product inactivation
ribo_prot_ABC_F-NCBIFAM,ABC-F type ribosomal protection protein,target protection
rif_mono_Iri-NCBIFAM,rifampin monooxygenase Iri,product inactivation
rif_monoox-NCBIFAM,rifampin monooxygenase,product inactivation
rifampin_ARR_Ms-NCBIFAM,NAD(+)--rifampin ADP-ribosyltransferase,product inactivation
rifampin_ARR_Sa-NCBIFAM,NAD(+)--rifampin ADP-ribosyltransferase,product inactivation
rifampin_ARR-NCBIFAM,NAD(+)--rifampin ADP-ribosyltransferase,product inactivation
RND_adapt_MexA-NCBIFAM,multidrug efflux RND transporter periplasmic adaptor subunit MexA,efflux pump
RND_perm_OqxB-NCBIFAM,multidrug efflux RND transporter permease subunit OqxB,efflux pump
RPH_KJ151292.1-NCBIFAM,rifamycin-inactivating phosphotransferase Rph,product inactivation
rRNA_meth_EmtA-NCBIFAM,EmtA family 23S rRNA (guanine(2470)) methyltransferase,target alteration
RTG-NCBIFAM,RTG family carbenicillin-hydrolyzing class A beta-lactamase,product inactivation
sat2-NCBIFAM,streptothricin N-acetyltransferase Sat2,product inactivation
sat3-NCBIFAM,streptothricin N-acetyltransferase Sat3,product inactivation
sat4-NCBIFAM,streptothricin N-acetyltransferase Sat4,product inactivation
self_FomB_kinase-NCBIFAM,FomB family phosphonate monophosphate kinase,product inactivation
self_GT_OleI-NCBIFAM,OleI family self-immunity macrolide glycosyltransferase,product inactivation
self_KamB-NCBIFAM,16S rRNA (adenine(1408)-N(1))-methyltransferase KamB,target alteration
sensor_BlaR1-NCBIFAM,beta-lactam sensor/signal transducer BlaR1,product inactivation
sensor_MecR1-NCBIFAM,beta-lactam sensor/signal transducer MecR1,product inactivation
SHV_LEN_OKP-NCBIFAM,SHV/LEN/OKP family class A beta-lactamase,product inactivation
SHV-NCBIFAM,SHV family class A beta-lactamase,product inactivation
SMB1_fam-NCBIFAM,SMB-1 family subclass B3 metallo-beta-lactamase,product inactivation
SMR_efflux_smr-NCBIFAM,multidrug efflux SMR transporter Smr,efflux pump
SMR_qac_bcrB-NCBIFAM,quaternary ammonium compound efflux SMR transporter BcrB,efflux pump
SMR_qac_bcrC-NCBIFAM,quaternary ammonium compound efflux SMR transporter BcrC,efflux pump
SMR_qac_E-NCBIFAM,quaternary ammonium compound efflux SMR transporter QacE,efflux pump
SMR_qac_FL-NCBIFAM,QacF/QacL family quaternary ammonium compound efflux SMR transporter,efflux pump
SMR_qac_G2-NCBIFAM,quaternary ammonium compound efflux SMR transporter QacG2,efflux pump
SMR_qac_int-NCBIFAM,Qac family quaternary ammonium compound efflux SMR transporter,efflux pump
SMR_qac_K-NCBIFAM,quaternary ammonium compound efflux SMR transporter QacK,efflux pump
SMR_qac_pB8-NCBIFAM,Qac-pB8 family quaternary ammonium compound efflux SMR transporter,efflux pump
stat-NCBIFAM,streptothricin N-acetyltransferase STAT,product inactivation
stregra_B_VgbA-NCBIFAM,streptogramin B lyase Vgb(A),product inactivation
stregra_B_VgbB-NCBIFAM,streptogramin B lyase Vgb(B),product inactivation
stregram_VatA-NCBIFAM,streptogramin A O-acetyltransferase Vat(A),product inactivation
stregram_VatC-NCBIFAM,streptogramin A O-acetyltransferase Vat(C),product inactivation
stregram_VatD-NCBIFAM,streptogramin A O-acetyltransferase Vat(D),product inactivation
stregram_VatE-NCBIFAM,streptogramin A O-acetyltransferase Vat(E),product inactivation
stregram_VatF-NCBIFAM,streptogramin A O-acetyltransferase Vat(F),product inactivation
stregram_VatH-NCBIFAM,streptogramin A O-acetyltransferase Vat(H),product inactivation
stregram_VatI-NCBIFAM,streptogramin A O-acetyltransferase Vat(I),product inactivation
SubclassA2-NCBIFAM,class A beta-lactamase, subclass A2,product inactivation
Sul1-NCBIFAM,sulfonamide-resistant dihydropteroate synthase Sul1,target alteration
Sul2-NCBIFAM,sulfonamide-resistant dihydropteroate synthase Sul2,target alteration
Sul3-NCBIFAM,sulfonamide-resistant dihydropteroate synthase Sul3,target alteration
Sul4-NCBIFAM,sulfonamide-resistant dihydropteroate synthase Sul4,target alteration
tet_ABC_46_A-NCBIFAM,tetracycline efflux ABC transporter Tet(46) subunit A,efflux pump
tet_ABC_46_B-NCBIFAM,tetracycline efflux ABC transporter Tet(46) subunit B,efflux pump
tet_ABC_AB_A-NCBIFAM,tetracycline efflux ABC transporter TetAB subunit A,efflux pump
tet_ABC_AB_B-NCBIFAM,tetracycline efflux ABC transporter TetAB subunit B,efflux pump
tet_destruct-NCBIFAM,tetracycline destructase,product inactivation
tet_MFS_38-NCBIFAM,tetracycline efflux MFS transporter Tet(38),efflux pump
tet_MFS_40-NCBIFAM,tetracycline efflux MFS transporter Tet(40),efflux pump
tet_MFS_42-NCBIFAM,tetracycline efflux MFS transporter Tet(42),efflux pump
tet_MFS_43-NCBIFAM,tetracycline efflux MFS transporter Tet(43),efflux pump
tet_MFS_45-NCBIFAM,tetracycline efflux MFS transporter Tet(45),efflux pump
tet_MFS_A_B_C_D-NCBIFAM,Tet(A)/Tet(B)/Tet(C) family tetracycline efflux MFS transporter,efflux pump
tet_MFS_A-NCBIFAM,tetracycline efflux MFS transporter Tet(A),efflux pump
tet_MFS_B-NCBIFAM,tetracycline efflux MFS transporter Tet(B),efflux pump
tet_MFS_C-NCBIFAM,tetracycline efflux MFS transporter Tet(C),efflux pump
tet_MFS_D-NCBIFAM,tetracycline efflux MFS transporter Tet(D),efflux pump
tet_MFS_E-NCBIFAM,tetracycline efflux MFS transporter Tet(E),efflux pump
tet_MFS_G-NCBIFAM,tetracycline efflux MFS transporter Tet(G),efflux pump
tet_MFS_H_J-NCBIFAM,Tet(H)/Tet(J) family tetracycline efflux MFS transporter,efflux pump
tet_MFS_H-NCBIFAM,tetracycline efflux MFS transporter Tet(H),efflux pump
tet_MFS_J-NCBIFAM,tetracycline efflux MFS transporter Tet(J),efflux pump
tet_MFS_K-NCBIFAM,tetracycline efflux MFS transporter Tet(K),efflux pump
tet_MFS_L_K_45-NCBIFAM,Tet(L)/Tet(K)/Tet(45) family tetracycline efflux MFS transporter,efflux pump
tet_MFS_L-NCBIFAM,tetracycline efflux MFS transporter Tet(L),efflux pump
tet_MFS_OtrB-NCBIFAM,oxytetracycline resistance efflux MFS transporter OtrB,efflux pump
tet_MFS_P_a-NCBIFAM,tetracycline efflux MFS transporter TetA(P),efflux pump
tet_MFS_Tcr3-NCBIFAM,tetracycline efflux MFS transporter Tcr3,efflux pump
tet_MFS_V-NCBIFAM,tetracycline efflux MFS transporter Tet(V),efflux pump
tet_MFS_Y-NCBIFAM,tetracycline efflux MFS transporter Tet(Y),efflux pump
tet_monoox_X-NCBIFAM,tetracycline-inactivating monooxygenase Tet(X),product inactivation
tet_NaH_anti_35-NCBIFAM,tetracycline efflux Na+/H+ antiporter family transporter Tet(35),efflux pump
tet_protect_M_W-NCBIFAM,TetM/TetW/TetO/TetS family tetracycline resistance ribosomal protection protein,target protection
tet_protect_M-NCBIFAM,tetracycline resistance ribosomal protection protein Tet(M),target protection
tet_protect_Q-NCBIFAM,tetracycline resistance ribosomal protection protein Tet(Q),target protection
tet_protect-NCBIFAM,tetracycline resistance ribosomal protection protein,target protection
tet_prtrans_34-NCBIFAM,oxytetracycline resistance phosphoribosyltransferase domain-containing protein Tet(34),target alteration
tet_redox_37-NCBIFAM,tetracycline resistance NADPH-dependent oxidoreductase Tet(37),product inactivation
TlmB-NCBIFAM,bleomycin family antibiotic N-acetyltransferase TlmB,product inactivation
trans_MerF-NCBIFAM,mercury resistance system transport protein MerF,efflux pump
trans_reg_VanU-NCBIFAM,glycopeptide resistance transcriptional regulator VanU,target alteration
transport_merC-NCBIFAM,organomercurial transporter MerC,efflux pump
trim_DfrA1_like-NCBIFAM,trimethoprim-resistant dihydrofolate reductase DfrA,target replacement
trim_DfrA1_rpt-NCBIFAM,trimethoprim-resistant repeat-containing dihydrofolate reductase DfrA1,target replacement
trim_DfrA10-NCBIFAM,trimethoprim-resistant dihydrofolate reductase DfrA10,target replacement
trim_DfrA12_A21-NCBIFAM,DfrA12/DfrA21 family trimethoprim-resistant dihydrofolate reductase,target replacement
trim_DfrA12-NCBIFAM,trimethoprim-resistant dihydrofolate reductase DfrA12,target replacement
trim_DfrA18-NCBIFAM,trimethoprim-resistant dihydrofolate reductase DfrA18,target replacement
trim_DfrA19-NCBIFAM,trimethoprim-resistant dihydrofolate reductase DfrA19,target replacement
trim_DfrA20-NCBIFAM,trimethoprim-resistant dihydrofolate reductase DfrA20,target replacement
trim_DfrA23-NCBIFAM,trimethoprim-resistant dihydrofolate reductase DfrA23,target replacement
trim_DfrA24-NCBIFAM,trimethoprim-resistant dihydrofolate reductase DfrA24,target replacement
trim_DfrA26-NCBIFAM,trimethoprim-resistant dihydrofolate reductase DfrA26,target replacement
trim_DfrA3-NCBIFAM,trimethoprim-resistant dihydrofolate reductase DfrA3,target replacement
trim_DfrA35-NCBIFAM,trimethoprim-resistant dihydrofolate reductase DfrA35,target replacement
trim_DfrA36-NCBIFAM,trimethoprim-resistant dihydrofolate reductase DfrA36,target replacement
trim_DfrA3b-NCBIFAM,trimethoprim-resistant dihydrofolate reductase DfrA3b,target replacement
trim_DfrA8-NCBIFAM,trimethoprim-resistant dihydrofolate reductase DfrA8,target replacement
trim_DfrA9-NCBIFAM,trimethoprim-resistant dihydrofolate reductase DfrA9,target replacement
trim_DfrB-NCBIFAM,trimethoprim-resistant dihydrofolate reductase DfrB,target replacement
trim_DfrD-NCBIFAM,trimethoprim-resistant dihydrofolate reductase DfrD,target replacement
trim_DfrDGK-NCBIFAM,DfrD/DfrG/DfrK family trimethoprim-resistant dihydrofolate reductase,target replacement
trim_DfrE-NCBIFAM,trimethoprim-resistant dihydrofolate reductase DfrE,target replacement
trim_DfrF-NCBIFAM,trimethoprim-resistant dihydrofolate reductase DfrF,target replacement
trim_DfrG-NCBIFAM,trimethoprim-resistant dihydrofolate reductase DfrG,target replacement
trim_DfrI-NCBIFAM,trimethoprim-resistant dihydrofolate reductase DfrI,target replacement
VanC1_ser_lig-NCBIFAM,D-alanine--D-serine ligase VanC1,target alteration
vanH_Agroup-NCBIFAM,VanH-A/VanH-Pt family D-lactate dehydrogenase,target alteration
vanH_gen-NCBIFAM,D-lactate dehydrogenase VanH,target alteration
vanH-Ac1-NCBIFAM,D-lactate dehydrogenase VanH-Ac1,target alteration
vanH-Amyco-NCBIFAM,VanH-AOV family D-lactate dehydrogenase,target alteration
vanH-D-NCBIFAM,D-lactate dehydrogenase VanH-D,target alteration
vanH-Sc-NCBIFAM,D-lactate dehydrogenase VanH-Sc,target alteration
vanJ-NCBIFAM,teicoplanin resistance protein VanJ,target alteration
vanR_ACDEGLN-NCBIFAM,VanR-ABDEGLN family response regulator transcription factor,target alteration
vanR_FM-NCBIFAM,VanR-FM family response regulator transcription factor,target alteration
vanR-A-NCBIFAM,VanA-type vancomycin resistance DNA-binding response regulator VanR,target alteration
vanR-B-NCBIFAM,VanB-type vancomycin resistance response regulator transcription factor VanR,target alteration
vanR-C-NCBIFAM,VanC-type vancomycin resistance DNA-binding response regulator VanR,target alteration
vanR-D-NCBIFAM,VanD-type vancomycin resistance DNA-binding response regulator VanR,target alteration
vanR-O-NCBIFAM,VanO-type vancomycin resistance response regulator transcription factor VanR,target alteration
vanT-CELN-NCBIFAM,membrane-bound serine racemase VanT,target alteration
vanT-G-Cterm-NCBIFAM,serine racemase VanT catalytic subunit,target alteration
vanT-L-cat-NCBIFAM,serine racemase VanT-L catalytic subunit,target alteration
vanT-L-mem-NCBIFAM,serine racemase VanT-L membrane subunit,target alteration
vanW-B-NCBIFAM,glycopeptide resistance accessory protein VanW-B,target alteration
vanW-G-NCBIFAM,glycopeptide resistance accessory protein VanW-G,target alteration
vanW-gen-NCBIFAM,glycopeptide resistance accessory protein VanW,target alteration
vanXY_G-NCBIFAM,D-Ala-D-Ala dipeptidase/D-Ala-D-Ala carboxypeptidase VanXY-G,target alteration
vanXY-NCBIFAM,D,D-carboxypeptidase/D,D-dipeptidase VanXY,target alteration
vanY_AFMPt-NCBIFAM,VanY-A/VanY-F/VanY-M family D-Ala-D-Ala carboxypeptidase,target alteration
vanY_BG-NCBIFAM,VanY-B/VanY-G family D-Ala-D-Ala carboxypeptidase,target alteration
vanY_far-NCBIFAM,D,D-peptidase/D,D-carboxypeptidase VanY-N,target alteration
vanY_of_D-NCBIFAM,transpeptidase-like D-Ala-D-Ala carboxypeptidase VanY-D,target alteration
vanZ-A-NCBIFAM,glycopeptide resistance protein VanZ-A,target alteration
vanZ-F-NCBIFAM,glycopeptide resistance protein VanZ-F,target alteration
vanZ-Pt-NCBIFAM,glycopeptide resistance protein VanZ-Pt,target alteration
VarG_fam_MBL-NCBIFAM,VarG family subclass B1-like metallo-beta-lactamase,product inactivation
Vat_ABCDEFH-NCBIFAM,Vat family streptogramin A O-acetyltransferase,product inactivation
viomycin_Vph-NCBIFAM,viomycin phosphotransferase,product inactivation
YadA_autotrans-NCBIFAM,trimeric autotransporter adhesin YadA,efflux pump
zbmA-NCBIFAM,zorbamycin binding protein ZbmA,product inactivation
